{
	"$schema": "https://schema.management.azure.com/schemas/2021-09-09/uiFormDefinition.schema.json",
	"view": {
		"kind": "Form",
		"properties": {
			"title": "Deploy VeraMetrics Engine",
			"steps": [
				{
					"name": "basics",
					"label": "Basics",
					"elements": [
						{
							"name": "resourceScope",
							"type": "Microsoft.Common.ResourceScope",
							"location": {
								"resourceTypes": [
									"microsoft.resources/resourcegroups"
								]
							}
						},
						{
							"name": "instanceName",
							"type": "Microsoft.Common.TextBox",
							"label": "Application Name",
							"defaultValue": "verametrics-001",
							"toolTip": "The unique name for this instance of the Managed Application.",
							"constraints": {
								"required": true,
								"regex": "^[a-z0-9][a-z0-9-]{1,22}[a-z0-9]$",
								"validationMessage": "Must be 3-24 characters, lowercase letters, numbers, and hyphens only."
							},
							"visible": true
						},
						{
							"name": "vmSize",
							"type": "Microsoft.Compute.SizeSelector",
							"label": "Virtual Machine Size",
							"toolTip": "Choose your desired Linux VM size",
							"recommendedSizes": [
								"Standard_D8s_v3",
								"Standard_E8s_v3",
								"Standard_D16s_v3",
								"Standard_D32s_v3",
								"Standard_E16s_v3",
								"Standard_E32s_v3",
								"Standard_E64s_v3"
							],
							"constraints": {
								"allowedSizes": []
							},
							"options": {
								"hideDiskTypeFilter": false
							},
							"osPlatform": "Linux",
							"visible": true
						}
					]
				}
			]
		},
		"outputs": {
			"parameters": {
				"instanceName": "[steps('basics').instanceName]",
				"vmSize": "[steps('basics').vmSize]"
			},
			"kind": "ResourceGroup",
			"location": "[steps('basics').resourceScope.location.name]",
			"resourceGroupId": "[steps('basics').resourceScope.resourceGroup.id]"
		}
	}
}