
{
  "$schema": "https://schema.management.azure.com/schemas/0.1.2-preview/CreateUIDefinition.MultiVm.json#",
  "handler": "Microsoft.Azure.CreateUIDef",
  "version": "0.1.2-preview",
  "parameters": {
    "basics": [
      {
        "name": "instanceName",
        "type": "Microsoft.Common.TextBox",
        "label": "Application Name",
        "defaultValue": "verametrics-001",
        "toolTip": "Enter a unique name for your application",
        "constraints": {
          "required": true,
          "regex": "^[a-z0-9-]{3,24}$",
          "validationMessage": "Name must be 3-24 characters and contain only lowercase letters, numbers, and hyphens"
        }
      }
    ],
    "steps": [],
    "outputs": {
      "instanceName": "[basics('instanceName')]"
    }
  }
}
